animal,heifer,group,dam_age,c_interval,new_cd,dec
SIMUSAF000002138530,FALSE,247581_2010_F_FALSE,3449,369,10,1
SIMUSAF000009711298,TRUE,213878_2012_S_TRUE,689,NA,0,1
SIMUSAF000002444012,FALSE,033912_2015_S_FALSE,2635,471,40,2
SIMUSAF000002982447,TRUE,171834_2016_F_TRUE,673,NA,52,2
SIMUSAF000002252795,FALSE,051418_2016_S_FALSE,4372,357,1,1
SIMUSAF000002146399,FALSE,074349_2009_F_FALSE,2841,NA,59,2
SIMUSAF000002250657,FALSE,056821_2011_S_FALSE,2550,352,4,1
SIMUSAF000002265911,FALSE,235805_2016_S_FALSE,4408,387,33,2
SIMUSAF000002336502,FALSE,004220_2009_S_FALSE,1089,NA,32,2
SIMUSAF000008900245,FALSE,071720_2012_S_FALSE,3309,361,10,1
SIMUSAF000002523007,TRUE,002360_2011_S_TRUE,702,NA,29,1
SIMUSAF000002995294,TRUE,207799_2017_S_TRUE,720,NA,0,1
SIMUSAF000003165595,FALSE,184272_2019_S_FALSE,883,NA,7,1
SIMUSAF000002712933,FALSE,087145_2020_S_FALSE,4071,334,33,2
SIMUSAF000009574714,FALSE,070192_2010_F_FALSE,1073,NA,28,1
SIMUSAF000002975635,FALSE,007215_2019_S_FALSE,1439,353,60,2
SIMUSAF000002539877,FALSE,295645_2015_F_FALSE,2198,376,65,3
SIMUSAF000002565382,FALSE,192534_2013_S_FALSE,916,NA,0,1
SIMUSAF000002477545,FALSE,032234_2019_F_FALSE,4104,722,0,1
SIMUSAF000002919297,TRUE,006207_2016_S_TRUE,702,NA,13,1
SIMUSAF000003303475,FALSE,115254_2020_S_FALSE,1044,349,5,1
SIMUSAF000002608903,FALSE,000110_2012_S_FALSE,2200,365,21,1
SIMUSAF000009829685,FALSE,228857_2015_S_FALSE,5403,349,4,1
SIMUSAF000003337980,FALSE,328635_2017_F_FALSE,1845,NA,23,1
SIMUSAF000009664897,FALSE,206853_2011_S_FALSE,1512,362,52,2
SIMUSAF000002542083,FALSE,049731_2016_S_FALSE,2289,357,26,1
SIMUSAF000002159897,FALSE,158973_2012_S_FALSE,3632,370,20,1
SIMUSAF000002459138,FALSE,210859_2012_S_FALSE,1561,778,98,4
SIMUSAF000002657195,TRUE,222099_2014_S_TRUE,694,NA,6,1
SIMUSAF000009732940,FALSE,158099_2011_S_FALSE,1123,NA,0,1
SIMUSAF000002263250,FALSE,048612_2012_F_FALSE,2953,332,53,2
SIMUSAF000002604944,FALSE,220135_2019_F_FALSE,3259,365,7,1
SIMUSAF000002653067,FALSE,245306_2017_S_FALSE,1817,347,5,1
SIMUSAF000003433751,FALSE,100138_2018_S_FALSE,1437,NA,4,1
SIMUSAF000009600409,FALSE,001490_2015_S_FALSE,2557,739,39,2
SIMUSAF000002608363,FALSE,235805_2018_S_FALSE,2955,342,12,1
SIMUSAF000002641057,FALSE,182335_2015_S_FALSE,1286,423,63,3
SIMUSAF000002657342,FALSE,061051_2019_S_FALSE,2561,356,30,1
SIMUSAF000009570958,TRUE,223617_2010_S_TRUE,709,NA,10,1
SIMUSAF000009119443,FALSE,258111_2009_S_FALSE,1122,NA,58,2
SIMUSAF000003024138,FALSE,245425_2020_S_FALSE,1873,403,44,2
SIMUSAF000009505857,FALSE,042739_2011_S_FALSE,2596,NA,38,2
SIMUSAF000003027325,FALSE,262987_2018_S_FALSE,1143,405,22,1
SIMUSAF000002272370,FALSE,202710_2009_S_FALSE,1804,NA,18,1
SIMUSAF000002569028,FALSE,131720_2013_S_FALSE,1088,355,1,1
SIMUSAF000002481451,FALSE,006438_2011_S_FALSE,1135,383,27,1
SIMUSAF000009681361,FALSE,057766_2011_S_FALSE,2910,349,26,1
SIMUSAF000003240968,FALSE,295645_2019_S_FALSE,1151,376,45,2
SIMUSAF000009745442,FALSE,000100_2015_S_FALSE,2184,315,15,1
SIMUSAF000002358434,FALSE,059923_2017_S_FALSE,4040,370,10,1
SIMUSAF000003023666,FALSE,280775_2019_F_FALSE,1453,363,0,1
SIMUSAF000002316658,FALSE,220135_2013_S_FALSE,2913,370,27,1
SIMUSAF000002359473,FALSE,171834_2010_S_FALSE,1432,310,55,2
SIMUSAF000002128926,FALSE,001799_2009_S_FALSE,3279,NA,22,1
SIMUSAF000003209967,FALSE,230280_2020_S_FALSE,2554,366,27,1
SIMUSAF000002693527,FALSE,262987_2019_S_FALSE,2591,409,114,4
SIMUSAF000002756556,FALSE,196882_2020_S_FALSE,2935,411,28,1
SIMUSAF000009700299,FALSE,000100_2013_S_FALSE,1081,363,9,1
SIMUSAF000002554120,FALSE,001485_2016_S_FALSE,2189,399,58,2
SIMUSAF000002723049,FALSE,282359_2018_F_FALSE,2213,349,0,1
SIMUSAF000002570250,FALSE,168882_2017_S_FALSE,2573,404,34,2
SIMUSAF000002632454,FALSE,153713_2015_S_FALSE,1288,386,79,3
SIMUSAF000002220825,FALSE,000967_2013_S_FALSE,3651,343,21,1
SIMUSAF000002939713,FALSE,041887_2018_S_FALSE,1453,345,20,1
SIMUSAF000003088900,FALSE,101368_2020_S_FALSE,1775,478,38,2
SIMUSAF000002650371,FALSE,002945_2016_F_FALSE,1846,375,41,2
SIMUSAF000009838781,TRUE,240626_2014_S_TRUE,723,NA,12,1
SIMUSAF000002567806,TRUE,034804_2012_S_TRUE,704,NA,9,1
SIMUSAF000002474854,FALSE,003887_2011_S_FALSE,1109,NA,51,2
SIMUSAF000002650740,TRUE,227671_2014_S_TRUE,714,NA,0,1
SIMUSAF000003059902,FALSE,171834_2020_S_FALSE,1812,378,59,2
SIMUSAF000002507715,FALSE,085948_2016_S_FALSE,2542,360,8,1
SIMUSAF000002104415,FALSE,229367_2011_S_FALSE,3766,NA,4,1
SIMUSAF000002608924,FALSE,000110_2014_S_FALSE,3662,369,37,2
SIMUSAF000002952060,FALSE,139893_2019_S_FALSE,1706,309,6,1
AANUSAF000014212272,FALSE,067563_2011_F_FALSE,3657,355,11,1
SIMUSAF000002659172,FALSE,048066_2020_S_FALSE,2964,356,7,1
SIMUSAF000009069716,FALSE,223614_2018_S_FALSE,4412,396,48,2
SIMUSAF000002469320,FALSE,001601_2012_S_FALSE,1498,387,49,2
SIMUSAF000003231092,TRUE,193220_2019_S_TRUE,695,NA,0,1
AANUSAF000017458499,FALSE,244424_2016_F_FALSE,1903,424,85,3
SIMUSAF000002624755,FALSE,272544_2018_S_FALSE,2595,378,41,2
SIMUSAF000002759225,FALSE,296861_2018_F_FALSE,2181,349,28,1
SIMUSAF000002137114,FALSE,000174_2014_S_FALSE,4764,388,38,2
SIMUSAF000003574358,FALSE,282824_2019_S_FALSE,1083,389,23,1
SIMUSAF000003087229,TRUE,160268_2017_F_TRUE,719,NA,5,1
SIMUSAF000002425279,FALSE,250201_2016_F_FALSE,3546,326,1,1
SIMUSAF000002608907,FALSE,000110_2016_S_FALSE,3993,326,32,2
AANUSAF000017232566,FALSE,244424_2016_F_FALSE,1894,409,81,3
SIMUSAF000002783030,FALSE,085948_2018_S_FALSE,1832,331,16,1
SIMUSAF000003374761,FALSE,305631_2019_S_FALSE,2558,374,15,1
SIMUSAF000002170730,FALSE,137577_2009_S_FALSE,2629,NA,14,1
SIMUSAF000002753720,FALSE,001751_2016_S_FALSE,1117,372,0,1
SIMUSAF000002928324,FALSE,297714_2020_F_FALSE,3255,398,164,4
AANUSAF000016804202,FALSE,121765_2020_S_FALSE,3984,382,19,1
SIMUSAF000009722611,FALSE,071720_2014_S_FALSE,1456,355,10,1
SIMUSAF000002627415,FALSE,008610_2012_F_FALSE,2601,392,46,2
SIMUSAF000001944221,FALSE,089330_2009_S_FALSE,4764,NA,14,1
SIMUSAF000002896746,FALSE,056821_2019_S_FALSE,1854,336,20,1
SIMUSAF000002612897,FALSE,056515_2016_S_FALSE,1843,385,34,2
SIMUSAF000009697002,FALSE,249078_2015_S_FALSE,1826,359,31,2
SIMUSAF000002375226,FALSE,007812_2009_S_FALSE,1122,NA,36,2
SIMUSAF000009722647,FALSE,071720_2013_S_FALSE,1062,362,1,1
SIMUSAF000003112815,FALSE,245306_2018_S_FALSE,1095,346,37,2
SIMUSAF000002358639,FALSE,114463_2011_F_FALSE,2580,NA,30,1
SIMUSAF000002784058,TRUE,000292_2015_S_TRUE,733,NA,5,1
SIMUSAF000002621439,FALSE,216279_2016_S_FALSE,1856,329,33,2
SIMUSAF000002308338,FALSE,102026_2012_S_FALSE,2938,336,21,1
SIMUSAF000002733759,TRUE,002360_2015_S_TRUE,664,NA,8,1
AANUSAF000016655384,FALSE,244424_2014_F_FALSE,1881,763,67,3
SIMUSAF000003162479,TRUE,216008_2017_F_TRUE,727,NA,12,1
SIMUSAF000002485594,FALSE,174428_2017_S_FALSE,2953,374,11,1
AANUSAF000015420326,FALSE,174170_2009_S_FALSE,2567,NA,32,2
SIMUSAF000002631079,FALSE,114824_2014_S_FALSE,1112,411,53,2
SIMUSAF000003142586,FALSE,250304_2019_S_FALSE,2546,387,20,1
SIMUSAF000002256469,FALSE,004485_2009_S_FALSE,1802,NA,12,1
SIMUSAF000002539645,TRUE,019699_2012_S_TRUE,677,NA,0,1
SIMUSAF000002592908,FALSE,048671_2014_S_FALSE,1087,367,0,1
SIMUSAF000002109623,FALSE,006176_2009_S_FALSE,2908,NA,4,1
SIMUSAF000002375250,FALSE,004485_2016_S_FALSE,3655,365,26,1
SIMUSAF000002385499,FALSE,200273_2011_S_FALSE,1485,397,32,2
SIMUSAF000002970873,TRUE,006438_2017_S_TRUE,781,NA,58,2
SIMUSAF000001892746,FALSE,000174_2009_S_FALSE,4714,NA,27,1
SIMUSAF000002825277,FALSE,272544_2018_S_FALSE,1876,741,39,2
SIMUSAF000002927140,FALSE,285397_2019_S_FALSE,1588,511,7,1
SIMUSAF000002631184,FALSE,114824_2015_S_FALSE,1488,399,57,2
SIMUSAF000003222389,TRUE,325735_2018_S_TRUE,703,NA,10,1
SIMUSAF000009755711,FALSE,223614_2017_S_FALSE,2224,346,15,1
SIMUSAF000002635325,TRUE,006207_2013_S_TRUE,729,NA,88,3
SIMUSAF000008987448,FALSE,000110_2014_S_FALSE,5941,364,30,1
SIMUSAF000002353541,FALSE,072962_2012_S_FALSE,2197,396,21,1
SIMUSAF000009628352,FALSE,223617_2012_S_FALSE,1108,383,9,1
SIMUSAF000002871773,FALSE,046911_2016_F_FALSE,1107,379,9,1
SIMUSAF000002654892,FALSE,161138_2015_S_FALSE,1115,345,61,3
SIMUSAF000009736706,FALSE,222263_2013_S_FALSE,1438,326,0,1
SIMUSAF000002801885,FALSE,262209_2018_S_FALSE,3697,731,2,1
SIMUSAF000002596712,TRUE,041248_2013_S_TRUE,703,NA,8,1
SIMUSAF000002435047,FALSE,028998_2011_F_FALSE,1446,351,35,2
SIMUSAF000003438877,FALSE,281389_2020_S_FALSE,1097,385,28,1
SIMUSAF000002363888,FALSE,168882_2009_S_FALSE,1410,NA,7,1
SIMUSAF000009857838,FALSE,207221_2016_S_FALSE,1499,NA,35,2
SIMUSAF000002193106,FALSE,224643_2010_S_FALSE,2583,425,91,4
SIMUSAF000003349253,TRUE,273776_2019_S_TRUE,788,NA,84,3
SIMUSAF000003040100,FALSE,255771_2020_S_FALSE,2934,379,26,1
SIMUSAF000002617307,FALSE,127414_2014_S_FALSE,1054,NA,7,1
AANUSAF000016246063,FALSE,051018_2016_S_FALSE,2950,NA,23,1
AANUSAF000014629162,FALSE,000110_2013_S_FALSE,3610,358,1,1
SIMUSAF000002984448,TRUE,287534_2017_S_TRUE,736,NA,25,1
SIMUSAF000002399134,FALSE,038155_2012_S_FALSE,1790,365,26,1
SIMUSAF000002876805,FALSE,000967_2017_S_FALSE,1144,417,102,4
SIMUSAF000002297734,FALSE,159119_2009_S_FALSE,1481,NA,41,2
SIMUSAF000002782070,FALSE,267989_2017_S_FALSE,1486,383,47,2
SIMUSAF000002572810,FALSE,156383_2018_S_FALSE,2839,713,3,1
SIMUSAF000009606144,FALSE,171834_2012_F_FALSE,2471,NA,77,3
SIMUSAF000002118980,FALSE,194156_2009_S_FALSE,2922,NA,29,1
SIMUSAF000002372719,FALSE,041867_2012_S_FALSE,2164,354,7,1
SIMUSAF000002357317,FALSE,204459_2017_S_FALSE,3770,372,17,1
SIMUSAF000002910986,TRUE,273776_2016_S_TRUE,689,NA,8,1
SIMUSAF000003336501,FALSE,247788_2019_S_FALSE,1134,418,50,2
SIMUSAF000002169849,FALSE,018335_2013_S_FALSE,4020,378,10,1
SIMUSAF000002446346,FALSE,008201_2011_S_FALSE,1077,378,46,2
SIMUSAF000002851071,FALSE,087145_2015_S_FALSE,1126,NA,53,2
SIMUSAF000002346782,FALSE,089330_2017_S_FALSE,4054,410,39,2
SIMUSAF000009700384,FALSE,000100_2013_S_FALSE,4402,345,45,2
SIMUSAF000009019344,FALSE,249078_2010_S_FALSE,4385,378,25,1
SIMUSAF000009529736,FALSE,034240_2009_S_FALSE,800,NA,4,1
SIMUSAF000002566765,FALSE,001748_2015_F_FALSE,2008,453,0,1
SIMUSAF000003157608,FALSE,009491_2020_F_FALSE,1717,533,0,1
SIMUSAF000002432774,FALSE,129528_2017_F_FALSE,3632,369,6,1
SIMUSAF000002225173,FALSE,005242_2010_S_FALSE,2571,357,14,1
SIMUSAF000002309917,FALSE,220135_2010_S_FALSE,1860,382,33,2
SIMUSAF000002930121,FALSE,270500_2017_S_FALSE,1087,NA,0,1
SIMUSAF000002741092,FALSE,204459_2017_S_FALSE,1449,345,31,2
SIMUSAF000003058082,TRUE,255771_2017_S_TRUE,757,NA,27,1
SIMUSAF000002103706,FALSE,004545_2010_S_FALSE,3616,374,19,1
SIMUSAF000003128322,TRUE,260870_2018_S_TRUE,735,NA,3,1
SIMUSAF000002275705,FALSE,067968_2010_S_FALSE,2132,359,1,1
AANUSAF000014914046,FALSE,171834_2010_F_FALSE,2373,520,49,2
SIMUSAF000002499006,FALSE,001855_2015_S_FALSE,2529,338,70,3
SIMUSAF000002471905,FALSE,004561_2012_F_FALSE,1440,404,40,2
SIMUSAF000002055534,FALSE,108162_2009_S_FALSE,3224,NA,0,1
SIMUSAF000002726672,FALSE,220135_2016_F_FALSE,1341,582,53,2
SIMUSAF000002673874,FALSE,012356_2017_F_FALSE,1836,687,15,1
SIMUSAF000002709802,FALSE,250074_2013_F_FALSE,4104,393,24,1
SIMUSAF000002823410,FALSE,000110_2016_S_FALSE,1096,366,16,1
SIMUSAF000002426856,FALSE,148238_2017_S_FALSE,3650,311,75,3
SIMUSAF000002591610,FALSE,181448_2016_S_FALSE,1849,395,41,2
SIMUSAF000002406350,TRUE,018335_2009_S_TRUE,728,NA,8,1
SIMUSAF000003185508,FALSE,004441_2019_S_FALSE,1166,410,75,3
SIMUSAF000002443485,FALSE,216919_2013_S_FALSE,1917,372,70,3
SIMUSAF000008842290,FALSE,106086_2009_S_FALSE,4479,NA,116,4
SIMUSAF000002545617,TRUE,237231_2012_S_TRUE,728,NA,11,1
SIMUSAF000002344521,FALSE,049997_2012_S_FALSE,2239,1073,82,3
SIMUSAF000002449992,FALSE,066206_2012_S_FALSE,1485,375,17,1
SIMUSAF000002069797,FALSE,002773_2009_S_FALSE,3319,NA,25,1
SIMUSAF000002685570,FALSE,000508_2016_S_FALSE,1455,320,11,1
SIMUSAF000002267955,FALSE,066206_2011_S_FALSE,2561,332,13,1
SIMUSAF000009605541,FALSE,058441_2013_S_FALSE,1847,352,0,1
SIMUSAF000002800377,FALSE,001132_2016_S_FALSE,1131,350,24,1
SIMUSAF000003383142,TRUE,156629_2019_F_TRUE,770,NA,60,2
AANUSAF000017229848,TRUE,244424_2013_F_TRUE,736,NA,19,1
SIMUSAF000003033021,FALSE,000508_2020_S_FALSE,1853,363,21,1
SIMUSAF000009819707,FALSE,249078_2016_S_FALSE,2243,420,76,3
SIMUSAF000002540029,FALSE,224815_2018_S_FALSE,3300,367,8,1
SIMUSAF000002135069,FALSE,089975_2009_S_FALSE,2917,NA,44,2
SIMUSAF000009723339,FALSE,012356_2013_F_FALSE,1135,386,15,1
SIMUSAF000002418036,TRUE,042628_2009_S_TRUE,773,NA,34,2
SIMUSAF000002541006,FALSE,046911_2012_F_FALSE,1406,NA,104,4
SIMUSAF000002521345,FALSE,067254_2012_S_FALSE,1501,415,51,2
SIMUSAF000009788850,TRUE,243871_2012_S_TRUE,739,NA,18,1
SIMUSAF000002169499,FALSE,070192_2010_F_FALSE,3604,344,17,1
SIMUSAF000002504623,FALSE,067567_2014_S_FALSE,1793,331,0,1
SIMUSAF000002523718,FALSE,000357_2019_S_FALSE,3665,364,15,1
SIMUSAF000002663326,FALSE,195036_2015_S_FALSE,1111,NA,11,1
SIMUSAF000002183929,FALSE,009828_2010_S_FALSE,3274,NA,19,1
SIMUSAF000002365661,FALSE,108747_2012_S_FALSE,2201,367,22,1
SIMUSAF000002485441,FALSE,052515_2013_S_FALSE,1499,361,28,1
SIMUSAF000008913536,FALSE,240622_2009_S_FALSE,2179,NA,30,1
SIMUSAF000003021643,FALSE,108021_2018_F_FALSE,1069,NA,18,1
SIMUSAF000002406363,TRUE,190425_2009_S_TRUE,724,NA,0,1
SIMUSAF000002765794,FALSE,092820_2017_S_FALSE,1476,370,19,1
SIMUSAF000002295108,FALSE,148238_2011_S_FALSE,2199,368,20,1
SIMUSAF000002403593,FALSE,175712_2018_S_FALSE,4746,368,32,2
SIMUSAF000003112792,FALSE,245306_2019_S_FALSE,1422,732,17,1
SIMUSAF000002377084,FALSE,111505_2009_S_FALSE,1065,NA,7,1
SIMUSAF000002578104,FALSE,006438_2013_S_FALSE,1111,NA,49,2
SIMUSAF000002450877,FALSE,186156_2011_S_FALSE,849,NA,0,1
SIMUSAF000002654998,FALSE,047933_2017_S_FALSE,1774,320,0,1
SIMUSAF000002917249,TRUE,067254_2016_S_TRUE,712,NA,6,1
SIMUSAF000009135231,FALSE,012356_2013_F_FALSE,2551,387,44,2
SIMUSAF000002944660,FALSE,000110_2019_S_FALSE,1824,381,40,2
SIMUSAF000002713798,FALSE,006438_2016_S_FALSE,1127,403,58,2
SIMUSAF000002619345,FALSE,043427_2015_S_FALSE,1359,NA,0,1
SIMUSAF000002598373,FALSE,141843_2016_S_FALSE,1827,367,18,1
SIMUSAF000002140711,FALSE,000967_2012_S_FALSE,4090,391,76,3
SIMUSAF000009634957,FALSE,087145_2019_S_FALSE,3675,381,32,2
SIMUSAF000002331827,FALSE,226255_2015_S_FALSE,3379,416,117,4
SIMUSAF000002329687,FALSE,156629_2009_F_FALSE,1478,NA,26,1
SIMUSAF000003261745,FALSE,008973_2020_S_FALSE,1219,520,1,1
SIMUSAF000002568556,FALSE,137549_2013_S_FALSE,1098,385,41,2
SIMUSAF000002651601,FALSE,059044_2014_S_FALSE,1128,416,41,2
SIMUSAF000009126065,FALSE,255848_2009_S_FALSE,1502,NA,44,2
SIMUSAF000003072483,FALSE,226013_2018_S_FALSE,1079,NA,1,1
SIMUSAF000002785479,FALSE,277792_2013_S_FALSE,2199,NA,24,1
SIMUSAF000008885690,FALSE,005623_2011_S_FALSE,3845,339,27,1
SIMUSAF000002781710,FALSE,290208_2016_S_FALSE,2573,384,12,1
SIMAUSF0000MBBPK207,TRUE,252519_2016_S_TRUE,801,NA,116,4
SIMUSAF000002541016,TRUE,130771_2011_F_TRUE,755,NA,44,2
SIMUSAF000002159278,FALSE,008105_2012_S_FALSE,4015,355,18,1
SIMUSAF000003028849,FALSE,059044_2019_S_FALSE,1467,364,11,1
SIMUSAF000002236581,FALSE,005390_2014_S_FALSE,3666,385,25,1
SIMUSAF000002340641,FALSE,009178_2010_F_FALSE,1449,450,0,1
SIMUSAF000002419529,TRUE,076572_2009_S_TRUE,738,NA,19,1
SIMUSAF000002597888,FALSE,114550_2016_S_FALSE,1827,386,20,1
SIMUSAF000002731930,FALSE,251872_2016_S_FALSE,1091,NA,0,1
SIMUSAF000003059016,FALSE,235805_2020_S_FALSE,1818,364,19,1
SIMUSAF000002737709,FALSE,226966_2018_S_FALSE,1802,354,12,1
SIMUSAF000002803048,FALSE,273776_2017_S_FALSE,3993,347,30,1
SIMUSAF000002462047,FALSE,262957_2011_S_FALSE,1098,NA,47,2
SIMUSAF000002483576,FALSE,067563_2014_F_FALSE,2201,687,27,1
SIMUSAF000003393373,FALSE,337302_2019_S_FALSE,1118,418,36,2
SIMUSAF000002473045,FALSE,019323_2012_F_FALSE,1353,316,32,2
SIMUSAF000002610245,TRUE,002945_2012_F_TRUE,701,NA,1,1
SIMUSAF000002299968,FALSE,000967_2009_S_FALSE,1470,NA,31,2
SIMUSAF000002606703,FALSE,008605_2017_S_FALSE,2554,357,9,1
SIMUSAF000002586306,FALSE,005390_2019_F_FALSE,5155,383,81,3
SIMUSAF000002646914,FALSE,006931_2015_S_FALSE,1103,350,39,2
SIMUSAF000002952723,FALSE,197381_2018_S_FALSE,1103,366,0,1
SIMUSAF000002562444,FALSE,001751_2014_S_FALSE,1466,335,35,2
SIMUSAF000002353005,FALSE,201248_2010_S_FALSE,1566,359,116,4
SIMUSAF000002507457,FALSE,072962_2013_S_FALSE,1464,345,35,2
SIMUSAF000002613158,FALSE,004859_2016_S_FALSE,1827,341,5,1
SIMUSAF000002301834,FALSE,066206_2009_S_FALSE,1481,NA,34,2
SIMUSAF000003187566,TRUE,161048_2018_S_TRUE,732,NA,4,1
SIMUSAF000003164459,FALSE,333488_2020_S_FALSE,1515,346,33,2
SIMUSAF000002484085,FALSE,114824_2016_S_FALSE,2935,366,22,1
SIMUSAF000002377190,FALSE,246444_2015_S_FALSE,3332,737,5,1
SIMUSAF000002861679,TRUE,012356_2015_F_TRUE,703,NA,31,2
SIMUSAF000002188787,FALSE,235805_2009_S_FALSE,2559,NA,16,1
SIMUSAF000002609227,FALSE,028998_2020_F_FALSE,3664,353,19,1
SIMUSAF000002267926,FALSE,066206_2012_S_FALSE,2933,367,18,1
SIMUSAF000003117319,TRUE,007215_2018_S_TRUE,707,NA,21,1
SIMUSAF000003407303,FALSE,105247_2020_F_FALSE,1091,369,7,1
SIMUSAF000003078985,FALSE,002945_2018_S_FALSE,1102,384,15,1
AANUSAF000016431290,TRUE,028998_2010_F_TRUE,701,NA,39,2
SIMUSAF000002635965,FALSE,057067_2018_S_FALSE,2577,750,32,2
SIMUSAF000002605988,FALSE,089975_2017_S_FALSE,2173,354,18,1
SIMUSAF000002460135,FALSE,001751_2013_S_FALSE,1831,375,17,1
SIMUSAF000002251198,FALSE,047707_2014_F_FALSE,3779,397,31,2
SIMUSAF000002425172,FALSE,168789_2010_F_FALSE,1031,359,19,1
SIMUSAF000002351018,FALSE,009157_2009_S_FALSE,1111,NA,66,3
SIMUSAF000009524883,FALSE,240622_2013_S_FALSE,2198,365,13,1
SIMUSAF000003173194,FALSE,033944_2019_S_FALSE,1109,397,43,2
SIMUSAF000002024826,FALSE,218289_2009_S_FALSE,3721,NA,22,1
SIMUSAF000002355374,FALSE,208597_2014_S_FALSE,2984,410,53,2
SIMUSAF000002169688,FALSE,000508_2012_S_FALSE,3651,368,20,1
SIMUSAF000009852925,FALSE,193450_2015_S_FALSE,1109,406,30,1
SIMUSAF000002517384,TRUE,003773_2011_S_TRUE,695,NA,28,1
AANUSAF000017076907,FALSE,114824_2016_S_FALSE,1842,343,39,2
SIMUSAF000002781829,FALSE,008605_2016_S_FALSE,1477,367,21,1
SIMUSAF000002195235,FALSE,092820_2009_S_FALSE,2338,NA,28,1
SIMUSAF000003227909,FALSE,002467_2019_S_FALSE,1099,354,28,1
SIMUSAF000002379207,FALSE,007866_2011_F_FALSE,1822,378,24,1
SIMUSAF000002845301,FALSE,067563_2016_F_FALSE,1109,331,22,1
SIMUSAF000002962304,FALSE,000174_2019_S_FALSE,1470,343,13,1
SIMUSAF000002651562,TRUE,059044_2013_S_TRUE,798,NA,65,3
SIMUSAF000002895300,FALSE,057766_2017_S_FALSE,1098,387,7,1
SIMUSAF000002835530,TRUE,141843_2015_S_TRUE,758,NA,26,1
SIMUSAF000003072896,FALSE,218008_2020_S_FALSE,1800,325,0,1
SIMUSAF000009019443,FALSE,249078_2009_S_FALSE,3666,NA,39,2
SIMUSAF000002437366,FALSE,057726_2012_S_FALSE,1469,357,31,2
SIMUSAF000002311968,FALSE,137577_2010_S_FALSE,1919,392,51,2
SIMUSAF000009736930,TRUE,267219_2012_S_TRUE,691,NA,0,1
SIMUSAF000002947895,FALSE,230280_2017_S_FALSE,1094,385,15,1
SIMUSAF000002786818,FALSE,000100_2019_S_FALSE,2223,343,31,2
SIMUSAF000002712120,FALSE,087145_2014_S_FALSE,5146,357,15,1
SIMUSAF000002618612,FALSE,084768_2017_S_FALSE,2226,373,11,1
SIMUSAF000003039929,FALSE,255771_2018_S_FALSE,2211,354,19,1
AANUSAF000015773246,FALSE,003790_2010_S_FALSE,1100,354,21,1
SIMUSAF000002667588,FALSE,002467_2017_S_FALSE,1797,364,5,1
SIMUSAF000002442644,FALSE,006179_2018_S_FALSE,3699,410,56,2
SIMUSAF000002409452,FALSE,250969_2009_F_FALSE,1017,NA,0,1
SIMUSAF000009754950,FALSE,240626_2020_S_FALSE,3294,335,8,1
SIMUSAF000003209965,FALSE,230280_2017_S_FALSE,1450,NA,25,1
SIMUSAF000009069698,FALSE,223614_2010_S_FALSE,1461,346,17,1
SIMUSAF000003318362,TRUE,220135_2019_F_TRUE,762,NA,51,2
AANUSAF000017521988,FALSE,291624_2016_F_FALSE,1447,NA,0,1
SIMUSAF000003008039,FALSE,004220_2019_S_FALSE,1464,726,14,1
SIMUSAF000002305900,FALSE,007215_2011_S_FALSE,2187,367,11,1
SIMUSAF000009806181,FALSE,273446_2017_S_FALSE,2189,372,6,1
SIMUSAF000008913591,FALSE,240622_2009_S_FALSE,2213,NA,29,1
SIMUSAF000003202314,FALSE,004561_2019_S_FALSE,1087,340,75,3
SIMUSAF000009118919,FALSE,258111_2009_S_FALSE,1431,NA,16,1
SIMUSAF000002523607,TRUE,000357_2011_S_TRUE,725,NA,15,1
SIMUSAF000008900209,FALSE,071720_2011_S_FALSE,2926,359,7,1
SIMUSAF000002731113,TRUE,182673_2015_S_TRUE,707,NA,7,1
SIMUSAF000003176058,FALSE,000100_2019_S_FALSE,1120,382,17,1
SIMUSAF000002261311,FALSE,001855_2011_S_FALSE,2755,699,97,4
SIMUSAF000009776432,FALSE,001490_2019_S_FALSE,2917,365,18,1
SIMUSAF000002514780,FALSE,003969_2012_S_FALSE,1114,385,20,1
SIMUSAF000002891011,FALSE,114824_2017_S_FALSE,1099,385,18,1
SIMUSAF000002221195,FALSE,195888_2010_F_FALSE,2495,NA,0,1
SIMUSAF000001892424,FALSE,041080_2009_S_FALSE,4739,NA,24,1
SIMUSAF000003020508,TRUE,085948_2017_S_TRUE,777,NA,41,2
SIMUSAF000002624097,FALSE,170588_2019_S_FALSE,3013,396,58,2
SIMUSAF000003075857,FALSE,066837_2020_S_FALSE,1867,386,61,3
SIMUSAF000002561977,FALSE,035315_2020_S_FALSE,3626,465,0,1
SIMUSAF000002600638,FALSE,054311_2020_S_FALSE,3280,375,10,1
SIMUSAF000002857201,FALSE,033084_2016_F_FALSE,1063,350,0,1
SIMUSAF000003088042,FALSE,007263_2019_S_FALSE,1153,385,46,2
SIMUSAF000002654613,FALSE,279293_2015_S_FALSE,1104,NA,59,2
SIMUSAF000003439275,TRUE,002003_2019_S_TRUE,753,NA,0,1
SIMUSAF000003065029,FALSE,186299_2019_S_FALSE,1533,400,39,2
SIMUSAF000002609051,FALSE,207114_2017_S_FALSE,2212,325,81,3
AANUSAF000015276875,FALSE,028619_2016_S_FALSE,3707,405,11,1
SIMUSAF000002661898,FALSE,183751_2016_S_FALSE,1489,372,35,2
SIMUSAF000002291682,FALSE,057726_2011_S_FALSE,2237,413,71,3
SIMUSAF000002909042,TRUE,295645_2015_F_TRUE,723,NA,1,1
SIMUSAF000002427590,TRUE,000079_2009_S_TRUE,704,NA,0,1
SIMUSAF000002322595,FALSE,034664_2010_S_FALSE,2205,336,83,3
SIMUSAF000002351028,FALSE,009157_2012_S_FALSE,2251,404,55,2
SIMUSAF000002415095,FALSE,074403_2010_S_FALSE,1108,362,5,1
SIMUSAF000002946068,FALSE,033887_2019_S_FALSE,1824,366,18,1
SIMUSAF000002630164,FALSE,283966_2014_F_FALSE,1097,365,10,1
SIMUSAF000002592902,FALSE,048671_2020_S_FALSE,3285,369,8,1
SIMAUSF0000MBBDH315,FALSE,252519_2016_S_FALSE,1421,NA,6,1
SIMUSAF000003112057,FALSE,003790_2019_F_FALSE,1472,339,28,1
SIMUSAF000002944654,FALSE,000110_2020_S_FALSE,2170,339,23,1
SIMUSAF000002621478,FALSE,273036_2019_S_FALSE,2939,368,10,1
SIMUSAF000002238382,FALSE,262693_2013_S_FALSE,3639,344,6,1
SIMUSAF000003197806,FALSE,272544_2019_S_FALSE,1121,341,7,1
SIMUSAF000002809206,FALSE,221245_2017_S_FALSE,1431,359,50,2
SIMUSAF000002999650,FALSE,207402_2019_S_FALSE,1453,682,41,2
SIMUSAF000002419067,FALSE,127414_2016_S_FALSE,3253,344,0,1
SIMUSAF000002487582,FALSE,046533_2013_S_FALSE,1455,342,8,1
SIMUSAF000002610272,FALSE,002945_2016_F_FALSE,2175,358,12,1
SIMUSAF000002219647,FALSE,151595_2009_S_FALSE,1970,NA,30,1
SIMUSAF000002399471,FALSE,059816_2015_S_FALSE,2869,364,11,1
AANUSAF000014560811,FALSE,105247_2010_F_FALSE,2555,333,10,1
SIMUSAF000002469209,FALSE,237231_2011_S_FALSE,1100,405,57,2
SIMUSAF000002189315,FALSE,245685_2013_S_FALSE,3718,450,21,1
SIMUSAF000009622566,FALSE,226966_2013_S_FALSE,3314,357,31,2
SIMUSAF000002358561,FALSE,183751_2009_S_FALSE,1161,NA,33,2
SIMUSAF000002778926,FALSE,001090_2014_S_FALSE,1455,361,31,2
SIMUSAF000002448950,FALSE,055426_2015_S_FALSE,2555,418,32,2
SIMUSAF000002777613,FALSE,000508_2018_S_FALSE,1821,340,12,1
SIMUSAF000002772917,FALSE,304208_2018_S_FALSE,1840,350,10,1
SIMUSAF000002542324,FALSE,195536_2019_S_FALSE,3347,390,67,3
SIMUSAF000002882611,TRUE,003790_2016_S_TRUE,719,NA,9,1
SIMUSAF000009700814,FALSE,000100_2018_S_FALSE,2922,353,36,2
SIMUSAF000002812232,FALSE,137549_2019_S_FALSE,2166,359,18,1
SIMUSAF000009820201,FALSE,264862_2013_F_FALSE,1524,390,11,1
SIMUSAF000002559090,FALSE,004220_2013_S_FALSE,1160,398,59,2
SIMUSAF000002366285,FALSE,003790_2012_S_FALSE,2190,381,25,1
SIMUSAF000002666986,FALSE,066837_2020_S_FALSE,2891,339,0,1
SIMUSAF000003309498,FALSE,328635_2018_S_FALSE,1429,NA,8,1
SIMUSAF000003026554,FALSE,003790_2018_F_FALSE,1396,672,84,3
SIMUSAF000002569820,FALSE,093652_2014_S_FALSE,1475,362,24,1
SIMUSAF000003051802,FALSE,261792_2018_S_FALSE,2575,325,76,3
SIMUSAF000002732962,TRUE,006207_2015_S_TRUE,738,NA,60,2
SIMUSAF000002459945,FALSE,168882_2017_S_FALSE,3279,367,17,1
SIMUSAF000002921721,TRUE,164211_2016_S_TRUE,705,NA,38,2
SIMUSAF000002908954,FALSE,295645_2018_F_FALSE,1802,327,20,1
SIMUSAF000009016820,FALSE,240622_2012_S_FALSE,3287,345,5,1
SIMUSAF000002606394,TRUE,194156_2013_S_TRUE,731,NA,0,1
SIMUSAF000002239292,FALSE,056980_2017_S_FALSE,4675,324,2,1
SIMUSAF000002426313,FALSE,029535_2014_S_FALSE,2539,361,27,1
SIMUSAF000002547499,FALSE,234263_2013_S_FALSE,1095,334,3,1
SIMUSAF000002574388,FALSE,168789_2013_F_FALSE,1117,450,92,4
AANUSAF000015939253,FALSE,241759_2013_S_FALSE,2187,NA,0,1
SIMUSAF000003020886,FALSE,048839_2020_S_FALSE,1825,367,12,1
SIMUSAF000009700823,FALSE,000100_2011_S_FALSE,2615,411,77,3
SIMUSAF000003347639,FALSE,266410_2017_S_FALSE,3339,NA,23,1
SIMUSAF000002474027,FALSE,004485_2012_S_FALSE,1487,341,38,2
SIMUSAF000002545694,FALSE,111505_2017_F_FALSE,2788,307,3,1
SIMUSAF000002496279,FALSE,238869_2016_S_FALSE,2574,355,0,1
SIMUSAF000002174508,FALSE,233327_2009_F_FALSE,2556,NA,62,3
SIMUSAF000002434798,FALSE,003773_2013_S_FALSE,2177,348,17,1
SIMUSAF000003197851,TRUE,272544_2018_S_TRUE,712,NA,15,1
SIMUSAF000002656390,FALSE,268427_2018_S_FALSE,2192,370,9,1
SIMUSAF000002646297,FALSE,239235_2014_S_FALSE,4045,388,41,2
SIMUSAF000002450826,FALSE,041248_2018_S_FALSE,3692,328,13,1
SIMUSAF000003116952,TRUE,000357_2018_S_TRUE,698,NA,32,2
SIMUSAF000002711930,FALSE,087145_2015_S_FALSE,2604,383,48,2
SIMUSAF000002701848,FALSE,294149_2016_S_FALSE,1845,394,46,2
SIMUSAF000002711465,FALSE,003790_2016_S_FALSE,1477,379,43,2
SIMUSAF000002835464,FALSE,164211_2017_S_FALSE,1431,348,26,1
AANUSAF000017280879,FALSE,230478_2019_S_FALSE,2564,NA,49,2
SIMUSAF000002898976,TRUE,239235_2016_S_TRUE,824,NA,100,4
SIMUSAF000003181123,FALSE,325793_2019_S_FALSE,2161,344,10,1
SIMUSAF000003362237,FALSE,335538_2020_S_FALSE,3363,328,21,1
SIMUSAF000003078309,FALSE,304046_2018_S_FALSE,1514,NA,17,1
SIMUSAF000002462464,FALSE,053113_2011_S_FALSE,1074,NA,4,1
SIMUSAF000009796286,TRUE,030448_2012_S_TRUE,738,NA,23,1
SIMUSAF000009087081,FALSE,240622_2011_S_FALSE,1880,391,80,3
SIMUSAF000003361688,TRUE,042628_2019_S_TRUE,737,NA,49,2
SIMUSAF000002867847,FALSE,260870_2019_S_FALSE,1829,354,1,1
SIMUSAF000003177938,TRUE,049139_2018_S_TRUE,803,NA,70,3
SIMUSAF000002528590,FALSE,008605_2016_S_FALSE,2549,359,24,1
SIMUSAF000002515918,FALSE,000292_2017_S_FALSE,2967,386,32,2
SIMUSAF000003237346,TRUE,003619_2018_F_TRUE,751,NA,26,1
SIMUSAF000003011390,TRUE,001490_2017_S_TRUE,679,NA,5,1
SIMUSAF000002412637,FALSE,144791_2012_S_FALSE,1908,406,84,3
SIMUSAF000008988163,FALSE,009560_2009_S_FALSE,3464,NA,57,2
SIMUSAF000003325874,FALSE,230280_2017_S_FALSE,2540,NA,14,1
SIMUSAF000009115294,FALSE,223617_2012_S_FALSE,1845,386,33,2
SIMUSAF000002359717,FALSE,167491_2011_S_FALSE,1846,358,16,1
SIMUSAF000002599157,TRUE,049731_2013_S_TRUE,716,NA,0,1
SIMUSAF000002545590,TRUE,237231_2012_S_TRUE,741,NA,37,2
SIMUSAF000002731192,FALSE,097963_2016_S_FALSE,1099,371,25,1
SIMUSAF000002438371,TRUE,237206_2009_F_TRUE,730,NA,37,2
SIMUSAF000009668450,FALSE,053188_2011_S_FALSE,1459,361,7,1
SIMUSAF000002846281,FALSE,220135_2020_S_FALSE,2177,366,27,1
SIMUSAF000002432346,TRUE,064620_2009_F_TRUE,704,NA,3,1
SIMUSAF000002410591,FALSE,144252_2010_S_FALSE,1104,382,40,2
SIMUSAF000002826000,FALSE,000110_2020_S_FALSE,2574,1417,35,2
SIMUSAF000002957173,FALSE,193220_2020_S_FALSE,1820,355,14,1
SIMUSAF000009606157,FALSE,171834_2012_S_FALSE,2294,435,100,4
SIMUSAF000002463964,FALSE,134485_2016_S_FALSE,2946,371,53,2
SIMUSAF000002653716,TRUE,059044_2014_S_TRUE,736,NA,10,1
SIMUSAF000002401518,TRUE,114550_2009_S_TRUE,725,NA,18,1
SIMUSAF000002711507,FALSE,003790_2017_S_FALSE,1792,356,26,1
SIMUSAF000002765219,FALSE,304208_2018_S_FALSE,1841,340,9,1
SIMUSAF000002633133,FALSE,107867_2015_F_FALSE,1507,366,9,1
SIMUSAF000002434493,FALSE,003847_2010_S_FALSE,1106,361,26,1
SIMUSAF000003204924,TRUE,067532_2018_S_TRUE,701,NA,7,1
SIMUSAF000002163508,FALSE,000303_2010_S_FALSE,2936,382,47,2
SIMUSAF000002449864,FALSE,001982_2014_S_FALSE,2214,386,21,1
SIMUSAF000009822116,FALSE,264862_2014_S_FALSE,1072,386,3,1
SIMUSAF000002646238,FALSE,243804_2015_S_FALSE,1612,322,137,4
SIMUSAF000002287118,FALSE,028998_2012_S_FALSE,2594,372,58,2
SIMUSAF000001929705,FALSE,207036_2009_S_FALSE,4394,NA,0,1
SIMUSAF000002454692,FALSE,199235_2013_S_FALSE,1660,422,80,3
SIMUSAF000002634881,FALSE,245425_2017_S_FALSE,1879,419,56,2
SIMUSAF000009740002,FALSE,028380_2011_S_FALSE,1077,NA,0,1
SIMUSAF000002071494,FALSE,001597_2009_S_FALSE,3311,NA,34,2
SIMUSAF000002275745,FALSE,225748_2012_F_FALSE,2922,380,5,1
SIMUSAF000003002472,FALSE,245801_2018_S_FALSE,1077,372,0,1
SIMUSAF000003114175,FALSE,309379_2019_S_FALSE,1138,454,50,2
SIMUSAF000002623361,FALSE,061051_2017_S_FALSE,2256,410,76,3
SIMUSAF000002125702,FALSE,185273_2010_S_FALSE,3247,373,6,1
SIMUSAF000009654784,FALSE,193450_2014_S_FALSE,1859,387,28,1
SIMUSAF000002533389,FALSE,058836_2015_F_FALSE,2257,386,77,3
SIMUSAF000002412536,FALSE,145887_2013_S_FALSE,2192,381,13,1
SIMUSAF000003194395,FALSE,000072_2016_S_FALSE,1105,NA,15,1
SIMUSAF000002838376,FALSE,207402_2017_F_FALSE,1413,338,94,4
SIMUSAF000003089392,FALSE,250074_2019_F_FALSE,1842,367,42,2
SIMUSAF000002954580,FALSE,000357_2020_S_FALSE,1829,363,20,1
SIMUSAF000002925110,TRUE,071213_2016_S_TRUE,729,NA,1,1
SIMUSAF000002853317,FALSE,244424_2019_F_FALSE,2205,382,26,1
SIMUSAF000002720167,TRUE,003790_2013_F_TRUE,698,NA,9,1
SIMUSAF000009697029,FALSE,249078_2016_S_FALSE,2213,389,51,2
SIMUSAF000002847928,FALSE,087145_2017_S_FALSE,1486,346,9,1
SIMUSAF000002616304,FALSE,266397_2013_S_FALSE,1108,349,43,2
SIMUSAF000003144242,FALSE,057766_2019_S_FALSE,1110,394,27,1
SIMUSAF000002374770,FALSE,165617_2015_S_FALSE,3304,362,4,1
SIMUSAF000002435935,FALSE,005242_2011_S_FALSE,1471,387,38,2
SIMUSAF000002638005,FALSE,253808_2018_F_FALSE,2694,337,6,1
SIMUSAF000009625019,FALSE,249078_2013_S_FALSE,2202,371,16,1
SIMUSAF000009589142,TRUE,213199_2010_S_TRUE,753,NA,30,1
SIMUSAF000003012608,TRUE,057766_2017_S_TRUE,720,NA,24,1
SIMUSAF000002497847,FALSE,008833_2012_S_FALSE,1076,349,16,1
SIMUSAF000002701521,FALSE,000292_2019_S_FALSE,2555,366,31,2
AANUSAF000017215371,FALSE,274375_2016_F_FALSE,1794,NA,2,1
SIMUSAF000002600742,TRUE,243804_2013_F_TRUE,933,NA,19,1
SIMUSAF000002347895,FALSE,235266_2016_S_FALSE,3538,390,20,1
SIMUSAF000002439693,FALSE,237757_2014_S_FALSE,2331,443,20,1
SIMUSAF000002792531,TRUE,042628_2015_S_TRUE,710,NA,0,1
SIMUSAF000002197265,FALSE,004545_2009_S_FALSE,2559,NA,15,1
SIMUSAF000002644404,FALSE,243871_2019_S_FALSE,2572,371,22,1
SIMUSAF000002360035,FALSE,042628_2012_S_FALSE,2250,322,39,2
SIMUSAF000003086357,FALSE,232503_2019_S_FALSE,1504,415,80,3
SIMUSAF000002669053,FALSE,288955_2015_S_FALSE,3278,350,0,1
SIMUSAF000002323572,FALSE,114824_2009_S_FALSE,1477,NA,40,2
SIMUSAF000002632716,FALSE,004545_2016_S_FALSE,1779,339,19,1
SIMUSAF000002346493,FALSE,049139_2011_S_FALSE,1879,331,46,2
SIMUSAF000002822683,TRUE,121765_2014_S_TRUE,760,NA,35,2
SIMUSAF000002163734,FALSE,175712_2012_S_FALSE,3643,361,10,1
SIMUSAF000002829771,FALSE,033995_2015_S_FALSE,2232,NA,12,1
SIMUSAF000002712247,FALSE,087145_2016_S_FALSE,2249,361,29,1
SIMUSAF000002361068,FALSE,127414_2011_S_FALSE,1814,431,19,1
SIMUSAF000009701275,FALSE,000100_2015_S_FALSE,3313,363,34,2
SIMUSAF000009622851,FALSE,000100_2010_S_FALSE,2952,368,14,1
SIMUSAF000002286006,FALSE,029705_2011_S_FALSE,2223,367,14,1
SIMUSAF000003571596,FALSE,307309_2019_S_FALSE,1461,NA,91,4
SIMUSAF000002633221,FALSE,029598_2019_F_FALSE,2952,336,25,1
SIMUSAF000002551511,FALSE,218671_2016_S_FALSE,2186,362,8,1
SIMUSAF000002883367,TRUE,165201_2016_S_TRUE,729,NA,0,1
SIMUSAF000002463369,FALSE,151506_2013_S_FALSE,1834,338,15,1
SIMUSAF000002920430,TRUE,005152_2015_F_TRUE,719,NA,5,1
SIMUSAF000002506490,FALSE,049139_2015_S_FALSE,2245,400,77,3
SIMUSAF000002756210,TRUE,096793_2015_S_TRUE,755,NA,0,1
SIMUSAF000002646911,FALSE,005623_2020_S_FALSE,2870,360,15,1
SIMUSAF000002611502,TRUE,249185_2013_S_TRUE,687,NA,0,1
SIMUSAF000002712289,FALSE,087145_2016_S_FALSE,2251,401,69,3
SIMUSAF000002378741,FALSE,156722_2016_F_FALSE,3569,926,12,1
SIMUSAF000002312880,FALSE,048605_2009_S_FALSE,1838,NA,33,2
SIMUSAF000002528142,FALSE,210360_2019_S_FALSE,3505,1160,60,2
SIMUSAF000002985444,FALSE,007866_2019_F_FALSE,1857,379,21,1
SIMUSAF000002222147,FALSE,067563_2016_F_FALSE,5055,348,13,1
SIMUSAF000002463605,FALSE,034670_2011_S_FALSE,1041,317,26,1
SIMUSAF000002759824,FALSE,156834_2018_S_FALSE,2203,321,22,1
SIMUSAF000002610680,FALSE,072962_2014_S_FALSE,1115,394,41,2
SIMUSAF000002542629,FALSE,243597_2016_F_FALSE,2377,362,6,1
SIMUSAF000002492030,FALSE,207114_2017_S_FALSE,2905,720,92,4
SIMUSAF000002263769,FALSE,202710_2009_S_FALSE,2214,NA,50,2
SIMUSAF000002421298,FALSE,271880_2010_S_FALSE,1516,464,112,4
SIMUSAF000003267663,TRUE,156877_2019_S_TRUE,709,NA,19,1
SIMUSAF000002532995,FALSE,161346_2015_F_FALSE,2186,366,0,1
SIMUSAF000002255247,FALSE,085948_2010_S_FALSE,2911,365,18,1
SIMUSAF000002602857,FALSE,056821_2015_S_FALSE,1466,375,27,1
SIMUSAF000002250477,FALSE,041228_2012_F_FALSE,3063,357,0,1
SIMUSAF000009057084,FALSE,076572_2009_S_FALSE,2252,NA,64,3
SIMUSAF000002563434,FALSE,057152_2016_S_FALSE,2181,364,16,1
SIMUSAF000002485970,TRUE,105247_2010_F_TRUE,739,NA,23,1
SIMUSAF000002761563,FALSE,130771_2017_F_FALSE,1839,748,34,2
SIMUSAF000002803466,FALSE,057152_2016_S_FALSE,1032,377,8,1
SIMUSAF000002927709,FALSE,105306_2019_S_FALSE,2180,369,17,1
SIMUSAF000003190876,FALSE,232503_2019_S_FALSE,1120,354,7,1
SIMUSAF000009035620,FALSE,235805_2011_S_FALSE,2231,396,42,2
SIMUSAF000002789599,FALSE,057067_2019_S_FALSE,2131,375,20,1
SIMUSAF000002661615,FALSE,105306_2015_S_FALSE,1792,354,11,1
SIMUSAF000002736313,FALSE,130385_2016_F_FALSE,2129,327,61,3
SIMUSAF000002626305,TRUE,057067_2012_S_TRUE,634,NA,11,1
SIMUSAF000002510777,FALSE,086895_2018_S_FALSE,3338,395,96,4
SIMUSAF000002691803,TRUE,235805_2014_S_TRUE,731,NA,7,1
SIMUSAF000002704412,FALSE,165201_2020_S_FALSE,2925,317,0,1
SIMUSAF000002307933,FALSE,218891_2010_F_FALSE,1903,391,72,3
SIMUSAF000002466344,TRUE,165201_2010_S_TRUE,697,NA,7,1
SIMUSAF000002282935,FALSE,220135_2014_S_FALSE,4035,361,29,1
SIMUSAF000003458361,FALSE,174951_2020_F_FALSE,1090,365,0,1
SIMUSAF000003345528,TRUE,003161_2018_F_TRUE,1049,NA,92,4
SIMUSAF000002005806,FALSE,006438_2009_S_FALSE,4040,NA,20,1
SIMUSAF000002404609,FALSE,070192_2013_F_FALSE,2525,375,46,2
AANUSAF000016991377,FALSE,276789_2016_F_FALSE,2008,593,10,1
SIMUSAF000002489940,TRUE,003161_2010_F_TRUE,833,NA,97,4
SIMUSAF000003376576,FALSE,312158_2020_S_FALSE,1812,372,8,1
SIMUSAF000002308147,FALSE,089330_2013_S_FALSE,2886,392,11,1
SIMUSAF000003204441,TRUE,000072_2017_S_TRUE,734,NA,20,1
SIMUSAF000009677141,FALSE,009828_2011_S_FALSE,1046,357,0,1
SIMUSAF000002631642,FALSE,002360_2016_S_FALSE,1799,369,42,2
SIMUSAF000002501315,TRUE,009191_2011_S_TRUE,707,NA,0,1
SIMUSAF000002350317,FALSE,113725_2012_F_FALSE,2619,625,83,3
SIMUSAF000002586426,FALSE,092820_2020_S_FALSE,3421,372,15,1
SIMUSAF000009802891,FALSE,272544_2017_S_FALSE,2922,359,3,1
SIMUSAF000002635344,FALSE,236580_2015_F_FALSE,1459,357,3,1
SIMUSAF000002275684,FALSE,006438_2010_S_FALSE,2209,370,35,2
SIMUSAF000002454773,FALSE,011393_2011_S_FALSE,1095,378,0,1
SIMUSAF000003338013,FALSE,328635_2020_F_FALSE,4025,353,20,1
SIMUSAF000002712952,FALSE,087145_2012_S_FALSE,1142,NA,21,1
SIMUSAF000003012013,FALSE,001982_2020_S_FALSE,1850,376,54,2
SIMUSAF000003035567,FALSE,000100_2018_S_FALSE,1110,412,25,1
SIMUSAF000002626338,FALSE,288656_2013_S_FALSE,1104,NA,2,1
SIMUSAF000002549401,FALSE,002773_2016_S_FALSE,2203,377,22,1
SIMUSAF000002490914,FALSE,176975_2017_F_FALSE,3307,375,42,2
SIMUSAF000002284766,FALSE,036712_2011_S_FALSE,2200,352,33,2
SIMUSAF000003360435,TRUE,068832_2019_S_TRUE,722,NA,3,1
SIMUSAF000009841741,TRUE,001490_2014_S_TRUE,685,NA,6,1
SIMUSAF000009116720,FALSE,255853_2013_S_FALSE,4019,367,25,1
SIMUSAF000002246491,FALSE,220135_2011_S_FALSE,2617,378,39,2
SIMUSAF000009057199,FALSE,057152_2010_S_FALSE,4101,369,8,1
SIMUSAF000002961328,FALSE,297714_2020_S_FALSE,1901,611,99,4
SIMUSAF000002736681,FALSE,037971_2015_F_FALSE,1103,370,13,1
SIMUSAF000003383500,TRUE,296861_2019_F_TRUE,691,NA,16,1
SIMUSAF000002654466,FALSE,085948_2016_S_FALSE,1433,358,4,1
SIMUSAF000002782640,FALSE,218008_2017_S_FALSE,1491,377,37,2
SIMUSAF000002758468,FALSE,186156_2018_S_FALSE,1680,358,0,1
AANUSAF000015000603,FALSE,042628_2012_S_FALSE,2705,345,0,1
SIMUSAF000002319203,FALSE,105247_2010_F_FALSE,1823,361,5,1
SIMUSAF000002822561,FALSE,245306_2015_S_FALSE,1827,389,54,2
SIMUSAF000003157384,FALSE,279767_2020_S_FALSE,2193,364,9,1
SIMUSAF000002412907,FALSE,089975_2011_S_FALSE,1521,349,65,3
SIMUSAF000002270756,FALSE,097963_2011_S_FALSE,2584,742,52,2
SIMUSAF000002501422,FALSE,001485_2013_S_FALSE,1416,354,49,2
SIMUSAF000002274448,FALSE,000079_2009_S_FALSE,1877,NA,32,2
SIMUSAF000002336950,FALSE,053868_2017_S_FALSE,4058,397,95,4
SIMUSAF000002545578,FALSE,059044_2013_S_FALSE,1079,368,22,1
AANUSAF000015887306,FALSE,253808_2012_F_FALSE,1892,NA,52,2
SIMUSAF000002505430,FALSE,000110_2011_S_FALSE,2235,400,44,2
SIMUSAF000002416736,FALSE,223253_2010_S_FALSE,1064,NA,0,1
SIMUSAF000009087075,FALSE,240622_2011_S_FALSE,1820,366,32,2
SIMUSAF000003191298,FALSE,111505_2019_F_FALSE,1227,313,0,1
SIMUSAF000009837667,FALSE,000100_2018_S_FALSE,2231,411,53,2
SIMUSAF000002939992,FALSE,218120_2017_S_FALSE,1216,NA,118,4
SIMUSAF000002341367,FALSE,174170_2009_S_FALSE,1472,NA,22,1
SIMUSAF000003448872,TRUE,002467_2018_S_TRUE,643,NA,38,2
SIMUSAF000002154690,FALSE,168882_2011_S_FALSE,4045,403,46,2
SIMUSAF000002190001,FALSE,000357_2009_S_FALSE,2565,NA,32,2
SIMUSAF000002266497,FALSE,001799_2013_S_FALSE,3703,343,27,1
SIMUSAF000002218776,FALSE,001982_2009_S_FALSE,2375,NA,40,2
SIMUSAF000002869822,TRUE,086895_2016_S_TRUE,776,NA,16,1
SIMUSAF000002506612,TRUE,081946_2010_S_TRUE,701,NA,4,1
SIMUSAF000002349170,FALSE,002773_2009_S_FALSE,1098,NA,0,1
SIMUSAF000002496829,FALSE,008973_2017_S_FALSE,2923,346,29,1
SIMUSAF000003142194,TRUE,022454_2018_S_TRUE,693,NA,0,1
SIMUSAF000009606308,FALSE,237206_2009_S_FALSE,1503,NA,19,1
SIMUSAF000003319717,FALSE,056821_2020_S_FALSE,1105,402,9,1
SIMUSAF000009714387,FALSE,255771_2019_S_FALSE,3299,388,30,1
SIMUSAF000008980628,FALSE,000110_2013_S_FALSE,4094,368,72,3
SIMUSAF000003309465,FALSE,328635_2018_S_FALSE,1455,NA,34,2
SIMUSAF000002481665,FALSE,059816_2014_S_FALSE,1848,366,21,1
SIMUSAF000002309160,FALSE,003363_2012_S_FALSE,2557,378,23,1
SIMUSAF000003008670,FALSE,084263_2020_S_FALSE,1797,365,2,1
SIMUSAF000003344733,TRUE,028998_2019_S_TRUE,702,NA,7,1
SIMUSAF000002764147,FALSE,010506_2016_F_FALSE,1503,400,54,2
SIMUSAF000003017682,TRUE,235479_2017_S_TRUE,721,NA,20,1
SIMUSAF000002392387,FALSE,059816_2010_S_FALSE,1138,417,66,3
SIMUSAF000003157131,TRUE,210344_2017_F_TRUE,760,NA,0,1
SIMUSAF000009021267,FALSE,249078_2014_S_FALSE,3329,392,51,2
SIMUSAF000003702077,FALSE,257438_2019_S_FALSE,2902,NA,17,1
SIMUSAF000002708566,FALSE,004859_2018_S_FALSE,2221,386,39,2
SIMUSAF000009764672,FALSE,000100_2013_S_FALSE,1436,754,28,1
SIMUSAF000002398639,FALSE,181215_2018_S_FALSE,4046,395,23,1
SIMUSAF000002723077,FALSE,007263_2019_F_FALSE,2646,759,106,4
SIMUSAF000003358599,FALSE,000951_2019_S_FALSE,3670,363,22,1
SIMUSAF000002387751,TRUE,186036_2009_S_TRUE,717,NA,0,1
SIMUSAF000002390765,FALSE,181448_2013_S_FALSE,2158,321,0,1
SIMUSAF000002584280,FALSE,047707_2015_S_FALSE,1518,352,0,1
SIMUSAF000002264588,FALSE,018335_2013_S_FALSE,3283,340,4,1
AANUSAF000015076193,FALSE,034240_2016_S_FALSE,4494,735,43,2
SIMUSAF000009776510,FALSE,001490_2014_S_FALSE,1077,372,12,1
SIMUSAF000002351289,FALSE,165734_2011_S_FALSE,1850,396,39,2
SIMUSAF000002304951,FALSE,237231_2011_S_FALSE,2228,358,50,2
SIMUSAF000002332593,FALSE,130385_2017_F_FALSE,4382,375,70,3
SIMUSAF000002243583,FALSE,090203_2010_S_FALSE,2186,365,17,1
SIMUSAF000002571469,FALSE,206853_2011_S_FALSE,1155,397,45,2
SIMUSAF000003122238,FALSE,038155_2018_S_FALSE,1120,393,37,2
SIMUSAF000002841443,TRUE,271162_2015_S_TRUE,695,NA,7,1
SIMUSAF000008965179,FALSE,223614_2010_S_FALSE,2942,366,32,2
SIMUSAF000002366950,FALSE,113725_2019_S_FALSE,4394,786,30,1
SIMUSAF000003237722,FALSE,244424_2020_F_FALSE,1459,375,15,1
SIMUSAF000003183619,FALSE,195041_2019_F_FALSE,1084,NA,59,2
SIMUSAF000002410986,TRUE,056597_2009_S_TRUE,671,NA,20,1
SIMUSAF000003107158,TRUE,230280_2017_S_TRUE,692,NA,23,1
SIMUSAF000002410078,FALSE,141843_2012_S_FALSE,3014,367,116,4
SIMUSAF000002159585,FALSE,012356_2012_S_FALSE,3647,351,34,2
SIMUSAF000009116835,FALSE,255853_2013_S_FALSE,2921,375,23,1
SIMUSAF000003373386,FALSE,146852_2016_S_FALSE,1112,NA,13,1
SIMUSAF000003003653,FALSE,257034_2016_S_FALSE,1851,368,52,2
SIMUSAF000002820109,FALSE,033887_2016_S_FALSE,1091,346,13,1
SIMUSAF000002971612,FALSE,112574_2017_F_FALSE,1124,371,38,2
BHHUSAF0000HB003408,FALSE,308995_2017_S_FALSE,1866,342,18,1
SIMUSAF000002269819,FALSE,067254_2013_S_FALSE,3301,365,16,1
SIMUSAF000009126054,FALSE,255848_2009_S_FALSE,3329,NA,66,3
SIMUSAF000002977690,FALSE,008605_2018_S_FALSE,1135,381,37,2
SIMUSAF000009621799,TRUE,213878_2009_S_TRUE,683,NA,14,1
SIMUSAF000003148781,TRUE,114824_2018_S_TRUE,720,NA,8,1
SIMUSAF000002601458,TRUE,008610_2013_F_TRUE,978,NA,4,1
SIMUSAF000002963323,FALSE,267823_2018_F_FALSE,1466,371,14,1
SIMUSAF000002505407,FALSE,018335_2014_S_FALSE,1820,347,8,1
SIMUSAF000002920489,FALSE,005152_2019_F_FALSE,2175,348,40,2
SIMUSAF000002241074,FALSE,077650_2009_S_FALSE,1819,NA,14,1
SIMUSAF000002870204,FALSE,094863_2018_F_FALSE,1885,410,49,2
SIMUSAF000002427868,FALSE,068592_2016_S_FALSE,3088,314,51,2
SIMUSAF000002482175,FALSE,004698_2017_S_FALSE,3284,362,15,1
SIMUSAF000002720897,FALSE,047707_2009_S_FALSE,1118,NA,21,1
SIMUSAF000003004680,FALSE,257034_2015_S_FALSE,2577,NA,74,3
SIMUSAF000002512532,TRUE,092820_2011_S_TRUE,699,NA,0,1
SIMUSAF000002616578,TRUE,201050_2012_S_TRUE,735,NA,0,1
SIMUSAF000002457920,FALSE,028998_2016_S_FALSE,2919,358,45,2
SIMUSAF000002720568,FALSE,114824_2015_S_FALSE,1091,376,12,1
SIMUSAF000002542276,FALSE,156877_2018_S_FALSE,2863,351,33,2
SIMUSAF000002630295,FALSE,037971_2016_F_FALSE,2031,399,25,1
SIMUSAF000002551955,FALSE,101368_2014_S_FALSE,1525,381,94,4
SIMUSAF000009629989,FALSE,246042_2010_S_FALSE,1827,349,19,1
SIMUSAF000009754842,FALSE,240626_2016_S_FALSE,1806,342,16,1
SIMUSAF000002513122,TRUE,000079_2011_S_TRUE,721,NA,5,1
SIMUSAF000002651606,FALSE,059044_2015_S_FALSE,1459,348,11,1
SIMUSAF000002437051,TRUE,095786_2009_S_TRUE,735,NA,0,1
SIMUSAF000002575171,FALSE,165201_2014_S_FALSE,1497,370,30,1
SIMUSAF000002397675,FALSE,008605_2016_S_FALSE,3299,377,23,1
SIMUSAF000003025647,FALSE,277792_2019_S_FALSE,1508,370,34,2
SIMUSAF000003542057,FALSE,217386_2019_F_FALSE,2267,NA,96,4
SIMUSAF000002260843,FALSE,007215_2012_S_FALSE,2924,362,46,2
SIMUSAF000002735543,FALSE,003969_2017_S_FALSE,1817,331,8,1
SIMUSAF000002564070,FALSE,176827_2016_S_FALSE,2248,435,72,3
SIMUSAF000002309054,FALSE,178709_2012_S_FALSE,2551,325,0,1
SIMUSAF000003075719,FALSE,216008_2020_S_FALSE,3006,508,51,2
SIMUSAF000002287010,FALSE,028619_2013_S_FALSE,2912,373,13,1
SIMUSAF000002927772,FALSE,105306_2018_S_FALSE,1804,365,24,1
SIMUSAF000002710637,FALSE,249078_2015_S_FALSE,1108,428,29,1
SIMUSAF000002392754,FALSE,105247_2010_F_FALSE,1478,347,20,1
SIMUSAF000002188805,FALSE,235805_2014_S_FALSE,4411,403,51,2
SIMUSAF000003082367,TRUE,000110_2017_S_TRUE,720,NA,2,1
SIMUSAF000003282595,TRUE,057766_2019_S_TRUE,666,NA,2,1
SIMUSAF000002478805,FALSE,174428_2011_S_FALSE,1101,364,12,1
SIMUSAF000002720565,FALSE,114824_2015_S_FALSE,1085,407,43,2
SIMUSAF000002330795,FALSE,235805_2009_S_FALSE,2207,NA,26,1
SIMUSAF000002659212,FALSE,048066_2018_S_FALSE,2212,381,21,1
SIMUSAF000002252555,FALSE,001024_2012_S_FALSE,3104,368,22,1
SIMUSAF000002248062,FALSE,182673_2012_S_FALSE,2945,389,33,2
AANUSAF000015214613,FALSE,114824_2017_S_FALSE,4399,359,31,2
SIMUSAF000003294343,TRUE,282824_2017_S_TRUE,669,NA,7,1
SIMUSAF000003027344,FALSE,237231_2018_S_FALSE,1049,394,25,1
SIMUSAF000009600655,FALSE,001490_2014_S_FALSE,2198,379,34,2
SIMUSAF000002345214,FALSE,219527_2013_S_FALSE,2326,324,8,1
SIMUSAF000002477908,FALSE,172299_2015_F_FALSE,2552,375,37,2
SIMUSAF000002789326,FALSE,105306_2015_S_FALSE,1453,368,24,1
SIMUSAF000002772147,FALSE,237231_2018_S_FALSE,1874,392,54,2
SIMUSAF000003178753,TRUE,255771_2018_S_TRUE,732,NA,10,1
SIMUSAF000003321108,TRUE,000292_2019_S_TRUE,722,NA,10,1
SIMUSAF000002519997,FALSE,254189_2013_S_FALSE,1477,372,19,1
SIMUSAF000003433805,FALSE,232503_2020_S_FALSE,1128,342,57,2
SIMUSAF000002616114,FALSE,008201_2014_S_FALSE,1109,382,47,2
SIMUSAF000002725287,FALSE,193220_2020_S_FALSE,2568,329,25,1
SIMUSAF000009637921,FALSE,012356_2013_F_FALSE,1822,325,18,1
SIMUSAF000002114313,FALSE,145592_2011_S_FALSE,3675,335,24,1
SIMUSAF000002530053,FALSE,001748_2016_S_FALSE,2522,387,23,1
SIMUSAF000009714469,FALSE,255771_2015_S_FALSE,1850,NA,19,1
SIMUSAF000003088445,TRUE,000357_2018_S_TRUE,737,NA,37,2
SIMUSAF000002561119,FALSE,067563_2012_F_FALSE,1073,342,23,1
AANUSAF000015413783,FALSE,246042_2011_S_FALSE,1830,342,19,1
SIMUSAF000002328468,FALSE,071516_2012_S_FALSE,2601,424,129,4
SIMUSAF000002553989,FALSE,226013_2015_S_FALSE,1810,318,6,1
SIMUSAF000009001931,FALSE,223614_2012_S_FALSE,3275,344,67,3
SIMUSAF000003269046,TRUE,087145_2019_S_TRUE,649,NA,8,1
SIMUSAF000003094799,FALSE,257725_2014_S_FALSE,1459,368,12,1
SIMUSAF000003114909,FALSE,257438_2017_S_FALSE,2604,NA,69,3
SIMUSAF000009086888,FALSE,240622_2012_S_FALSE,2245,346,47,2
SIMUSAF000002768205,FALSE,035012_2015_F_FALSE,1094,NA,87,3
AANUSAF000016206281,FALSE,281389_2019_S_FALSE,4067,354,71,3
SIMUSAF000002367396,FALSE,000688_2015_S_FALSE,3271,329,21,1
SIMUSAF000002531242,FALSE,188419_2016_F_FALSE,2512,315,5,1
SIMUSAF000002891236,TRUE,114824_2016_S_TRUE,698,NA,4,1
SIMUSAF000002887936,FALSE,001490_2017_S_FALSE,1089,382,17,1
SIMUSAF000002401809,TRUE,072962_2009_S_TRUE,734,NA,11,1
SIMUSAF000002330032,FALSE,037971_2012_F_FALSE,2535,352,35,2
SIMUSAF000002954448,FALSE,000357_2019_S_FALSE,1472,376,13,1
SIMUSAF000002656967,FALSE,165734_2017_S_FALSE,1832,378,8,1
SIMUSAF000002524907,FALSE,116829_2013_S_FALSE,1432,353,0,1
SIMUSAF000002137114,FALSE,000174_2013_S_FALSE,4376,327,20,1
SIMUSAF000002590271,FALSE,060088_2015_S_FALSE,1478,358,29,1
SIMUSAF000002341580,FALSE,221245_2009_S_FALSE,1143,NA,5,1
SIMUSAF000002236688,FALSE,059388_2011_S_FALSE,2927,377,23,1
SIMUSAF000003248538,TRUE,087145_2019_S_TRUE,669,NA,8,1
SIMUSAF000002625721,FALSE,011393_2015_S_FALSE,1455,344,3,1
SIMUSAF000003031444,FALSE,000508_2019_S_FALSE,1460,324,14,1
SIMUSAF000009803282,FALSE,001090_2013_S_FALSE,1856,NA,16,1
SIMUSAF000002582675,FALSE,235609_2014_S_FALSE,1131,NA,13,1
SIMUSAF000002916332,TRUE,127414_2016_S_TRUE,720,NA,4,1
SIMUSAF000002757032,FALSE,226465_2016_S_FALSE,1092,410,97,4
SIMUSAF000002465322,FALSE,006931_2014_S_FALSE,2166,327,54,2
SIMUSAF000002647732,TRUE,260870_2014_S_TRUE,732,NA,5,1
SIMUSAF000002644859,TRUE,004086_2014_S_TRUE,738,NA,10,1
SIMUSAF000002588757,FALSE,224643_2014_S_FALSE,1086,347,13,1
SIMUSAF000009606404,TRUE,237206_2009_S_TRUE,779,NA,16,1
SIMUSAF000002365406,FALSE,035481_2013_S_FALSE,2548,366,18,1
SIMUSAF000002375725,FALSE,131410_2011_F_FALSE,1987,417,93,4
SIMUSAF000002724269,FALSE,230864_2014_S_FALSE,2434,NA,48,2
SIMUSAF000002489194,FALSE,222099_2016_S_FALSE,2606,370,33,2
SIMUSAF000009119920,FALSE,255776_2009_S_FALSE,4022,NA,14,1
SIMUSAF000002918045,FALSE,004220_2017_S_FALSE,1145,369,74,3
AANUSAF000016791402,FALSE,273446_2011_S_FALSE,1124,NA,28,1
SIMUSAF000003309931,FALSE,057152_2020_S_FALSE,1086,375,13,1
SIMUSAF000002130713,FALSE,099209_2010_S_FALSE,3697,388,43,2
SIMUSAF000002452967,FALSE,035012_2010_F_FALSE,1154,340,78,3
SIMUSAF000009116840,FALSE,255853_2015_S_FALSE,3672,384,40,2
SIMUSAF000002489271,TRUE,271880_2011_S_TRUE,700,NA,0,1
SIMUSAF000002848995,TRUE,234374_2015_F_TRUE,741,NA,7,1
SIMUSAF000002425647,FALSE,006438_2020_S_FALSE,4755,383,21,1
SIMUSAF000009697797,FALSE,223617_2013_S_FALSE,1095,374,9,1
SIMUSAF000003081403,FALSE,318351_2018_S_FALSE,1101,384,29,1
SIMUSAF000002477880,FALSE,010506_2014_F_FALSE,2216,746,35,2
SIMUSAF000002466777,FALSE,276789_2014_S_FALSE,1997,375,13,1
SIMUSAF000002415948,FALSE,111937_2018_S_FALSE,3961,374,13,1
SIMUSAF000002522485,TRUE,008201_2011_S_TRUE,722,NA,13,1
SIMUSAF000002699522,TRUE,001751_2014_S_TRUE,662,NA,3,1
SIMUSAF000002565873,TRUE,004586_2012_S_TRUE,723,NA,0,1
SIMUSAF000002725329,FALSE,267584_2020_S_FALSE,2944,368,9,1
SIMUSAF000002923484,FALSE,318351_2017_S_FALSE,1075,408,10,1
SIMUSAF000002424263,FALSE,000357_2014_S_FALSE,2586,337,50,2
SIMUSAF000002598434,FALSE,009520_2016_S_FALSE,1909,345,57,2
SIMUSAF000002403321,FALSE,233179_2010_S_FALSE,1016,392,38,2
SIMUSAF000009600495,FALSE,001490_2011_S_FALSE,1070,390,5,1
SIMUSAF000002653637,FALSE,271162_2016_S_FALSE,1787,359,1,1
SIMUSAF000002413010,FALSE,145250_2020_F_FALSE,5075,432,32,2
SIMUSAF000003004178,FALSE,257034_2015_S_FALSE,2207,NA,66,3
SIMUSAF000002596845,FALSE,005623_2019_S_FALSE,2896,344,16,1
SIMUSAF000003082986,FALSE,272514_2018_F_FALSE,1186,NA,92,4
SIMUSAF000009779723,FALSE,012356_2014_F_FALSE,1100,364,21,1
SIMUSAF000002798151,FALSE,109952_2018_S_FALSE,1798,342,0,1
SIMUSAF000009702038,FALSE,000100_2013_S_FALSE,1136,362,38,2
SIMUSAF000002712826,FALSE,087145_2014_S_FALSE,3313,362,8,1
SIMUSAF000002416218,FALSE,003619_2013_S_FALSE,2208,351,21,1
SIMUSAF000002369423,FALSE,137577_2009_S_FALSE,1068,NA,11,1
SIMUSAF000002583935,FALSE,218120_2015_F_FALSE,1711,420,57,2
AANUSAF000013973012,FALSE,245600_2009_F_FALSE,3208,NA,90,3
SIMUSAF000002368027,FALSE,048605_2010_F_FALSE,2064,321,39,2
SIMUSAF000003239798,FALSE,328635_2020_F_FALSE,1810,368,26,1
SIMUSAF000002844973,FALSE,029598_2019_S_FALSE,1812,370,39,2
SIMUSAF000002277117,FALSE,012356_2011_F_FALSE,2385,570,20,1
SIMUSAF000009775117,FALSE,002467_2015_S_FALSE,1486,389,33,2
SIMUSAF000009525211,FALSE,240622_2012_S_FALSE,1852,348,42,2
SIMUSAF000002975099,FALSE,244424_2019_F_FALSE,1865,417,61,3
SIMUSAF000002635958,FALSE,057067_2015_S_FALSE,1427,756,35,2
SIMUSAF000003116706,TRUE,271162_2018_S_TRUE,719,NA,0,1
SIMUSAF000002557751,FALSE,080818_2012_F_FALSE,1674,NA,27,1
SIMUSAF000002715234,FALSE,091670_2017_F_FALSE,2157,369,21,1
SIMUSAF000002427051,FALSE,199551_2010_S_FALSE,1211,344,124,4
SIMUSAF000002906402,FALSE,249078_2017_S_FALSE,1106,405,42,2
SIMUSAF000009769356,FALSE,176975_2014_F_FALSE,1452,721,8,1
SIMUSAF000009018668,FALSE,249078_2013_S_FALSE,4770,340,42,2
SIMUSAF000009624939,FALSE,249078_2010_S_FALSE,1135,421,48,2
SIMUSAF000002849066,FALSE,234374_2020_S_FALSE,2299,366,9,1
SIMUSAF000009654715,FALSE,193450_2014_S_FALSE,1858,367,25,1
AANUSAF000014555071,FALSE,220135_2014_S_FALSE,4056,409,48,2
SIMUSAF000002935784,FALSE,066206_2019_S_FALSE,1862,410,58,2
SIMUSAF000002517715,FALSE,115254_2016_S_FALSE,2607,353,81,3
SIMUSAF000002660617,FALSE,008605_2016_S_FALSE,1844,374,23,1
SIMUSAF000002530833,FALSE,237989_2012_F_FALSE,1079,351,4,1
SIMUSAF000002393233,FALSE,008973_2018_S_FALSE,4029,318,34,2
SIMUSAF000002501713,TRUE,092820_2010_F_TRUE,717,NA,40,2
SIMUSAF000002730111,FALSE,165734_2019_S_FALSE,2197,385,20,1
SIMUSAF000002964506,TRUE,268779_2016_F_TRUE,694,NA,26,1
SIMUSAF000002068297,FALSE,209437_2013_S_FALSE,5087,353,21,1
SIMUSAF000002795903,FALSE,008105_2019_S_FALSE,2222,359,24,1
SIMUSAF000003204631,TRUE,093652_2018_S_TRUE,735,NA,0,1
SIMUSAF000002515370,FALSE,057152_2014_S_FALSE,1830,336,23,1
SIMUSAF000002390509,FALSE,237989_2010_F_FALSE,1464,376,12,1
SIMUSAF000002778726,FALSE,001090_2016_S_FALSE,1123,429,66,3
SIMUSAF000002312905,FALSE,000508_2009_S_FALSE,1449,NA,14,1
SIMUSAF000009646597,FALSE,255771_2017_S_FALSE,2930,369,30,1
SIMUSAF000002053513,FALSE,199235_2011_F_FALSE,4547,492,172,4
SIMUSAF000009569817,TRUE,255771_2010_S_TRUE,713,NA,9,1
SIMUSAF000002558405,FALSE,198617_2017_S_FALSE,2559,353,6,1
SIMUSAF000002672183,FALSE,236608_2014_S_FALSE,1449,364,18,1
SIMUSAF000009530211,FALSE,133699_2013_S_FALSE,2186,349,13,1
SIMUSAF000003197129,TRUE,272544_2018_S_TRUE,720,NA,1,1
SIMUSAF000002590808,FALSE,048605_2016_F_FALSE,4013,362,34,2
SIMUSAF000002472910,FALSE,000357_2013_S_FALSE,1834,352,38,2
SIMUSAF000002555717,FALSE,209437_2016_S_FALSE,2192,365,4,1
SIMUSAF000009838564,TRUE,000100_2014_S_TRUE,736,NA,45,2
SIMUSAF000003245868,TRUE,312055_2018_F_TRUE,651,NA,5,1
SIMUSAF000002602980,FALSE,249997_2018_S_FALSE,2544,331,6,1
SIMUSAF000002812083,FALSE,174433_2018_S_FALSE,1852,NA,31,2
SIMUSAF000003438186,FALSE,337406_2019_S_FALSE,1090,367,18,1
SIMUSAF000002635519,FALSE,267823_2019_F_FALSE,2945,345,24,1
SIMUSAF000002605791,FALSE,057152_2019_S_FALSE,2909,367,9,1
SIMUSAF000002604963,FALSE,220135_2013_F_FALSE,1076,383,15,1
SIMUSAF000002962172,FALSE,000174_2018_S_FALSE,1152,404,37,2
SIMUSAF000002464644,FALSE,000508_2013_S_FALSE,1818,352,11,1
SIMUSAF000003179310,FALSE,255771_2019_S_FALSE,1117,404,29,1
SIMUSAF000002871147,TRUE,033944_2016_S_TRUE,696,NA,0,1
SIMUSAF000002980861,FALSE,012356_2018_F_FALSE,1454,390,48,2
SIMUSAF000002849908,FALSE,038155_2014_F_FALSE,1037,NA,6,1
SIMUSAF000002493148,FALSE,112074_2018_F_FALSE,3546,364,52,2
SIMUSAF000002471257,FALSE,090932_2011_S_FALSE,1149,350,24,1
SIMUSAF000002774083,FALSE,114824_2020_S_FALSE,2578,387,44,2
SIMUSAF000002518891,FALSE,174428_2017_S_FALSE,2956,389,100,4
AANUSAF000016623994,FALSE,081218_2015_S_FALSE,1842,376,16,1
SIMUSAF000002914494,FALSE,235805_2017_S_FALSE,1093,371,37,2
SIMUSAF000002262709,FALSE,193346_2010_F_FALSE,2155,346,20,1
SIMUSAF000003133993,FALSE,308995_2019_S_FALSE,1089,365,15,1
SIMUSAF000009616827,FALSE,111668_2017_S_FALSE,3582,729,23,1
SIMUSAF000002216097,FALSE,032648_2009_S_FALSE,2532,NA,22,1
SIMUSAF000003115497,TRUE,097963_2018_S_TRUE,722,NA,38,2
SIMUSAF000002749512,FALSE,224592_2019_F_FALSE,2590,425,58,2
SIMUSAF000002424318,TRUE,000357_2009_S_TRUE,725,NA,21,1
SIMUSAF000002225393,FALSE,211316_2015_S_FALSE,4383,404,0,1
SIMUSAF000002401287,FALSE,000292_2013_S_FALSE,2206,348,45,2
SIMUSAF000009605860,FALSE,237206_2010_S_FALSE,2626,NA,31,2
SIMUSAF000002923488,FALSE,318351_2020_S_FALSE,2192,376,0,1
AANUSAF000014621143,FALSE,034873_2009_S_FALSE,2232,NA,12,1
SIMUSAF000002599797,FALSE,008833_2016_S_FALSE,1908,442,94,4
SIMUSAF000002478921,FALSE,000621_2011_F_FALSE,1109,312,8,1
SIMUSAF000002092244,FALSE,118546_2010_S_FALSE,3658,358,18,1
SIMUSAF000009745386,FALSE,272544_2010_S_FALSE,2911,NA,1,1
SIMUSAF000002880507,FALSE,003790_2016_F_FALSE,1150,378,72,3
SIMUSAF000003127558,FALSE,206660_2019_S_FALSE,1485,365,0,1
SIMUSAF000002706262,FALSE,000174_2016_S_FALSE,1472,370,19,1
SIMUSAF000002977069,FALSE,202710_2018_S_FALSE,1067,341,31,2
SIMUSAF000002967508,FALSE,067563_2020_F_FALSE,2196,314,16,1
SIMUSAF000009539072,FALSE,247135_2009_S_FALSE,1948,NA,47,2
SIMUSAF000002335422,FALSE,138170_2014_F_FALSE,3236,349,2,1
SIMUSAF000003177174,TRUE,089975_2018_S_TRUE,714,NA,19,1
SIMUSAF000002244173,FALSE,132918_2009_S_FALSE,1906,NA,112,4
SIMUSAF000002132361,FALSE,018274_2009_S_FALSE,2927,NA,14,1
SIMUSAF000002383372,FALSE,235805_2015_S_FALSE,3289,367,19,1
SIMUSAF000002732486,TRUE,012356_2015_S_TRUE,712,NA,4,1
SIMUSAF000002477821,FALSE,269930_2014_S_FALSE,1841,322,0,1
SIMUSAF000002204714,FALSE,057726_2010_S_FALSE,2520,NA,85,3
SIMUSAF000002504907,FALSE,001982_2013_S_FALSE,1429,308,7,1
SIMUSAF000009071966,FALSE,174951_2010_S_FALSE,1452,342,14,1
SIMUSAF000009779781,FALSE,012356_2014_F_FALSE,1098,NA,22,1
SIMUSAF000002638502,FALSE,211333_2018_F_FALSE,2511,365,16,1
SIMUSAF000002726300,FALSE,209245_2016_S_FALSE,1453,345,44,2
SIMUSAF000002800517,TRUE,222099_2015_S_TRUE,700,NA,40,2
SIMUSAF000002394356,FALSE,048839_2009_S_FALSE,1100,NA,7,1
SIMUSAF000003501072,TRUE,258342_2019_S_TRUE,708,NA,0,1
SIMUSAF000002404024,FALSE,176827_2011_S_FALSE,1478,377,27,1
SIMUSAF000002792893,TRUE,000357_2014_S_TRUE,735,NA,28,1
SIMUSAF000002249906,FALSE,261142_2011_S_FALSE,2599,409,55,2
SIMUSAF000002633223,FALSE,029598_2016_F_FALSE,1830,363,6,1
SIMUSAF000002730510,TRUE,280539_2013_F_TRUE,726,NA,35,2
SIMUSAF000002619443,FALSE,097963_2014_S_FALSE,1417,355,32,2
SIMUSAF000002798974,TRUE,057067_2014_S_TRUE,752,NA,19,1
SIMUSAF000003205307,FALSE,320975_2018_S_FALSE,1076,377,9,1
SIMUSAF000002688226,TRUE,272544_2014_S_TRUE,702,NA,7,1
SIMUSAF000003399032,TRUE,006207_2019_S_TRUE,698,NA,3,1
SIMUSAF000002528045,FALSE,008945_2014_S_FALSE,1471,360,54,2
SIMUSAF000009718797,FALSE,025040_2014_S_FALSE,1452,369,7,1
SIMUSAF000009621772,FALSE,213878_2010_S_FALSE,1574,NA,103,4
SIMUSAF000002547499,FALSE,234263_2014_S_FALSE,1488,393,19,1
SIMUSAF000002930599,TRUE,223253_2016_S_TRUE,736,NA,27,1
SIMUSAF000002578083,FALSE,224060_2019_S_FALSE,2870,335,0,1
SIMUSAF000002453398,FALSE,186900_2009_F_FALSE,682,NA,91,4
SIMUSAF000002503976,TRUE,001490_2011_S_TRUE,715,NA,24,1
SIMUSAF000002942388,FALSE,002945_2020_S_FALSE,2172,366,9,1
SIMUSAF000002779495,FALSE,127539_2018_F_FALSE,2029,359,5,1
SIMUSAF000002854878,FALSE,245306_2015_S_FALSE,1094,NA,34,2
SIMUSAF000003161572,TRUE,226966_2018_S_TRUE,724,NA,24,1
SIMUSAF000002200657,FALSE,056821_2009_S_FALSE,2196,NA,25,1
AANUSAF000016109130,FALSE,265907_2013_F_FALSE,2081,NA,14,1
AANUSAF000016838971,FALSE,230478_2019_S_FALSE,3306,NA,50,2
SIMUSAF000002982140,FALSE,277792_2020_S_FALSE,2183,357,11,1
SIMUSAF000002844459,FALSE,000174_2018_S_FALSE,1516,382,50,2
SIMUSAF000009508767,FALSE,009798_2011_S_FALSE,4004,673,4,1
SIMUSAF000002703634,FALSE,105247_2014_F_FALSE,1109,412,37,2
SIMUSAF000002731523,FALSE,007215_2017_S_FALSE,1502,410,64,3
SIMUSAF000002761456,FALSE,018335_2015_S_FALSE,884,NA,8,1
SIMUSAF000003230624,FALSE,185269_2019_S_FALSE,1129,369,55,2
AANUSAF000017516664,FALSE,189127_2016_F_FALSE,1357,NA,13,1
SIMUSAF000002683614,FALSE,066206_2015_S_FALSE,1123,387,36,2
SIMUSAF000002563199,FALSE,105247_2014_F_FALSE,1842,347,33,2
SIMUSAF000003520683,TRUE,002945_2019_F_TRUE,653,NA,6,1
SIMUSAF000002746930,FALSE,296861_2018_F_FALSE,3270,350,31,2
SIMUSAF000002901895,FALSE,004859_2020_S_FALSE,3318,396,38,2
SIMUSAF000003059012,FALSE,235805_2019_S_FALSE,1466,374,56,2
SIMUSAF000003120564,FALSE,010506_2020_F_FALSE,3587,1114,54,2
SIMUSAF000002604888,FALSE,220135_2017_F_FALSE,2582,369,34,2
SIMUSAF000002574994,FALSE,000357_2015_S_FALSE,1821,339,10,1
SIMUSAF000003417821,FALSE,270057_2020_F_FALSE,1103,394,19,1
SIMUSAF000002449489,FALSE,035481_2015_S_FALSE,2579,373,17,1
SIMUSAF000002887863,TRUE,001490_2016_S_TRUE,695,NA,14,1
SIMUSAF000009682234,FALSE,226966_2011_S_FALSE,1140,404,39,2
SIMUSAF000002498914,FALSE,174428_2018_S_FALSE,3219,322,7,1
SIMUSAF000002572801,FALSE,099209_2013_S_FALSE,2944,364,54,2
SIMUSAF000002895302,FALSE,057766_2018_S_FALSE,1457,346,23,1
SIMUSAF000002621960,FALSE,000508_2016_S_FALSE,1820,376,26,1
SIMUSAF000002363024,FALSE,251399_2014_S_FALSE,2905,401,58,2
SIMUSAF000002419526,FALSE,076572_2013_S_FALSE,2204,356,7,1
SIMUSAF000002763576,FALSE,008359_2016_S_FALSE,1105,389,33,2
SIMUSAF000002621439,TRUE,216279_2013_S_TRUE,729,NA,0,1
SIMUSAF000002436063,FALSE,152888_2010_S_FALSE,1119,399,35,2
SIMUSAF000002938732,FALSE,261792_2014_S_FALSE,3698,NA,26,1
SIMUSAF000002756555,FALSE,081946_2018_S_FALSE,2161,1027,33,2
SIMUSAF000002325550,FALSE,000357_2013_S_FALSE,2932,359,28,1
SIMUSAF000002776033,FALSE,174170_2016_S_FALSE,1095,343,2,1
SIMUSAF000009646319,FALSE,255771_2016_S_FALSE,2562,370,16,1
SIMUSAF000002203867,FALSE,120012_2009_S_FALSE,2140,NA,60,2
SIMUSAF000002520630,FALSE,185269_2015_S_FALSE,2553,361,0,1
SIMUSAF000002627950,TRUE,003790_2013_S_TRUE,783,NA,42,2
SIMUSAF000002492412,FALSE,005152_2012_S_FALSE,1223,444,9,1
SIMUSAF000002772791,FALSE,051198_2020_S_FALSE,2555,343,3,1
SIMUSAF000002505723,FALSE,195162_2014_S_FALSE,2236,371,72,3
SIMUSAF000003468261,FALSE,337406_2018_S_FALSE,3997,NA,4,1
SIMUSAF000003201778,FALSE,059044_2020_S_FALSE,1535,435,81,3
SIMUSAF000002358176,FALSE,151506_2013_S_FALSE,2536,348,7,1
SIMUSAF000002262017,FALSE,186299_2010_S_FALSE,2265,363,81,3
SIMUSAF000003113315,TRUE,034804_2018_S_TRUE,705,NA,9,1
